model,n_tasks,full_kendall_tau,full_tau_scaled,exact_match,top1_accuracy,top2_set_accuracy,pairwise_accuracy,policy_flip_accuracy,bars,parse_error_rate
model_A,24,0.608333,0.804167,0.375,0.583333,0.583333,0.804167,0.769444,0.709653,0.0
model_B,24,0.475,0.7375,0.25,0.5,0.5,0.7375,0.679167,0.625417,0.0
model_C,24,0.625,0.8125,0.375,0.583333,0.625,0.8125,0.800694,0.722049,0.0
model_D,24,0.541667,0.770833,0.291667,0.583333,0.5,0.770833,0.715972,0.661285,0.0
model_M,24,0.491667,0.745833,0.208333,0.458333,0.416667,0.745833,0.646528,0.613507,0.0
model_E,24,0.608333,0.804167,0.375,0.541667,0.5,0.804167,0.759028,0.707049,0.0
