Model,P1-Composite,P1 Acc,P1 Macro-F1,P1 Spurious,P1 Unsafe,P1 Request Recall,P1 Infeasible Recall,P2b,P2 Feasible,P2 Directed,P2 Over-edit,P2 Queries,P3-Success,P3 Escape,P3 Replan,P3 Cascade,P3 Dead,Parse P1/P2/P3
model_A,0.971247,0.96875,0.964835,0.0,0.0,1.0,1.0,0.494411,0.90625,0.9375,0.4,1.71875,0.833333,0.966667,0.0,0.310345,0.0,0.000/0.000/0.000
Hunyuan-Hy3,0.943734,0.9375,0.932773,0.0,0.0,1.0,1.0,0.511757,0.9375,0.914062,0.770833,1.5,0.833333,0.933333,0.0,0.071429,0.0,0.000/0.000/0.000
model_D,0.97366,0.96875,0.970868,0.0,0.0,1.0,1.0,0.59394,0.96875,1.0,0.604651,1.34375,1.0,1.0,0.0,0.066667,0.0,0.000/0.000/0.000
Gemini-3.1,0.97366,0.96875,0.970868,0.0,0.0,1.0,1.0,0.662026,1.0,0.96875,0.9375,1.0,1.0,1.0,0.0,0.0,0.0,0.000/0.000/0.000
model_C,0.922764,0.90625,0.917065,0.0,0.0,1.0,1.0,0.456538,0.875,0.882812,0.489362,1.46875,0.866667,0.933333,0.066667,0.107143,0.033333,0.000/0.000/0.000
model_E,0.931512,0.9375,0.939815,0.03125,0.03125,1.0,0.875,0.486569,0.90625,0.914062,0.645833,1.5,0.833333,0.966667,0.0,0.137931,0.0,0.000/0.000/0.000
