model,effect,p3_success_delta,constraint_cascade_rate_delta,p3_success_ci_low,p3_success_ci_high,cascade_ci_low,cascade_ci_high
model_D,summary_effect,0.02777777777777779,-0.2160737812911726,-0.11111111111111116,0.16666666666666669,-0.3745468975468975,-0.07239111990950223
model_D,feedback_effect,0.19444444444444448,0.30303030303030304,0.02777777777777779,0.3611111111111111,0.15151515151515152,0.46875
model_C,summary_effect,0.0,-0.29411764705882354,-0.13888888888888884,0.13888888888888884,-0.45454545454545453,-0.14705882352941177
model_C,feedback_effect,0.27777777777777773,0.14260249554367202,0.1388888888888889,0.4166666666666667,0.002525146422205262,0.2941176470588235
model_B,summary_effect,0.16666666666666663,-0.21875,-0.02777777777777779,0.36111111111111116,-0.43572172619047617,0.00518335590269381
model_B,feedback_effect,0.05555555555555558,-0.09375,-0.08333333333333331,0.19444444444444442,-0.25002232142857145,0.05882352941176472
model_E,summary_effect,0.33333333333333326,-0.013664596273291925,0.16666666666666663,0.5,-0.08571428571428572,0.04444444444444445
model_E,feedback_effect,0.05555555555555558,-0.053968253968253964,-0.1111111111111111,0.22222222222222224,-0.16666666666666666,0.05555555555555555
