{
  "bootstrap_samples": 4000,
  "effects": {
    "model_E": {
      "feedback_effect": {
        "bootstrap": {
          "constraint_cascade_rate_delta": {
            "ci_high": 0.05555555555555555,
            "ci_low": -0.16666666666666666,
            "metric": "constraint_cascade_rate",
            "n_bootstrap": 4000,
            "point_delta": -0.053968253968253964
          },
          "p3_success_delta": {
            "ci_high": 0.22222222222222224,
            "ci_low": -0.1111111111111111,
            "metric": "p3_success",
            "n_bootstrap": 4000,
            "point_delta": 0.05555555555555558
          }
        },
        "constraint_cascade_rate_delta": -0.053968253968253964,
        "p3_success_delta": 0.05555555555555558
      },
      "summary_effect": {
        "bootstrap": {
          "constraint_cascade_rate_delta": {
            "ci_high": 0.04444444444444445,
            "ci_low": -0.08571428571428572,
            "metric": "constraint_cascade_rate",
            "n_bootstrap": 4000,
            "point_delta": -0.013664596273291925
          },
          "p3_success_delta": {
            "ci_high": 0.5,
            "ci_low": 0.16666666666666663,
            "metric": "p3_success",
            "n_bootstrap": 4000,
            "point_delta": 0.33333333333333326
          }
        },
        "constraint_cascade_rate_delta": -0.013664596273291925,
        "p3_success_delta": 0.33333333333333326
      }
    },
    "model_D": {
      "feedback_effect": {
        "bootstrap": {
          "constraint_cascade_rate_delta": {
            "ci_high": 0.46875,
            "ci_low": 0.15151515151515152,
            "metric": "constraint_cascade_rate",
            "n_bootstrap": 4000,
            "point_delta": 0.30303030303030304
          },
          "p3_success_delta": {
            "ci_high": 0.3611111111111111,
            "ci_low": 0.02777777777777779,
            "metric": "p3_success",
            "n_bootstrap": 4000,
            "point_delta": 0.19444444444444448
          }
        },
        "constraint_cascade_rate_delta": 0.30303030303030304,
        "p3_success_delta": 0.19444444444444448
      },
      "summary_effect": {
        "bootstrap": {
          "constraint_cascade_rate_delta": {
            "ci_high": -0.07239111990950223,
            "ci_low": -0.3745468975468975,
            "metric": "constraint_cascade_rate",
            "n_bootstrap": 4000,
            "point_delta": -0.2160737812911726
          },
          "p3_success_delta": {
            "ci_high": 0.16666666666666669,
            "ci_low": -0.11111111111111116,
            "metric": "p3_success",
            "n_bootstrap": 4000,
            "point_delta": 0.02777777777777779
          }
        },
        "constraint_cascade_rate_delta": -0.2160737812911726,
        "p3_success_delta": 0.02777777777777779
      }
    },
    "model_C": {
      "feedback_effect": {
        "bootstrap": {
          "constraint_cascade_rate_delta": {
            "ci_high": 0.2941176470588235,
            "ci_low": 0.002525146422205262,
            "metric": "constraint_cascade_rate",
            "n_bootstrap": 4000,
            "point_delta": 0.14260249554367202
          },
          "p3_success_delta": {
            "ci_high": 0.4166666666666667,
            "ci_low": 0.1388888888888889,
            "metric": "p3_success",
            "n_bootstrap": 4000,
            "point_delta": 0.27777777777777773
          }
        },
        "constraint_cascade_rate_delta": 0.14260249554367202,
        "p3_success_delta": 0.27777777777777773
      },
      "summary_effect": {
        "bootstrap": {
          "constraint_cascade_rate_delta": {
            "ci_high": -0.14705882352941177,
            "ci_low": -0.45454545454545453,
            "metric": "constraint_cascade_rate",
            "n_bootstrap": 4000,
            "point_delta": -0.29411764705882354
          },
          "p3_success_delta": {
            "ci_high": 0.13888888888888884,
            "ci_low": -0.13888888888888884,
            "metric": "p3_success",
            "n_bootstrap": 4000,
            "point_delta": 0.0
          }
        },
        "constraint_cascade_rate_delta": -0.29411764705882354,
        "p3_success_delta": 0.0
      }
    },
    "model_B": {
      "feedback_effect": {
        "bootstrap": {
          "constraint_cascade_rate_delta": {
            "ci_high": 0.05882352941176472,
            "ci_low": -0.25002232142857145,
            "metric": "constraint_cascade_rate",
            "n_bootstrap": 4000,
            "point_delta": -0.09375
          },
          "p3_success_delta": {
            "ci_high": 0.19444444444444442,
            "ci_low": -0.08333333333333331,
            "metric": "p3_success",
            "n_bootstrap": 4000,
            "point_delta": 0.05555555555555558
          }
        },
        "constraint_cascade_rate_delta": -0.09375,
        "p3_success_delta": 0.05555555555555558
      },
      "summary_effect": {
        "bootstrap": {
          "constraint_cascade_rate_delta": {
            "ci_high": 0.00518335590269381,
            "ci_low": -0.43572172619047617,
            "metric": "constraint_cascade_rate",
            "n_bootstrap": 4000,
            "point_delta": -0.21875
          },
          "p3_success_delta": {
            "ci_high": 0.36111111111111116,
            "ci_low": -0.02777777777777779,
            "metric": "p3_success",
            "n_bootstrap": 4000,
            "point_delta": 0.16666666666666663
          }
        },
        "constraint_cascade_rate_delta": -0.21875,
        "p3_success_delta": 0.16666666666666663
      }
    }
  },
  "runs": [
    {
      "constraint_cascade_rate": 0.303,
      "escape_quality": 0.3333,
      "explicit_replan_rate": 0.1667,
      "feedback_mode": "full_numeric",
      "history_mode": "raw_history",
      "model": "model_D",
      "n_tasks": 36,
      "p3_success": 0.5556,
      "run_dir": "artifacts/runs/p3_intervention_full_20260420/model_D/raw_history_full_numeric",
      "trap_escape_rate": 0.9167
    },
    {
      "constraint_cascade_rate": 0.087,
      "escape_quality": 0.5,
      "explicit_replan_rate": 0.1111,
      "feedback_mode": "full_numeric",
      "history_mode": "state_summary",
      "model": "model_D",
      "n_tasks": 36,
      "p3_success": 0.5833,
      "run_dir": "artifacts/runs/p3_intervention_full_20260420/model_D/state_summary_full_numeric",
      "trap_escape_rate": 0.6389
    },
    {
      "constraint_cascade_rate": 0.0,
      "escape_quality": 0.3235,
      "explicit_replan_rate": 0.6944,
      "feedback_mode": "coarse_feedback",
      "history_mode": "raw_history",
      "model": "model_D",
      "n_tasks": 36,
      "p3_success": 0.3611,
      "run_dir": "artifacts/runs/p3_intervention_full_20260420/model_D/raw_history_coarse_feedback",
      "trap_escape_rate": 0.9444
    },
    {
      "constraint_cascade_rate": 0.087,
      "escape_quality": 0.4565,
      "explicit_replan_rate": 0.2222,
      "feedback_mode": "coarse_feedback",
      "history_mode": "state_summary",
      "model": "model_D",
      "n_tasks": 36,
      "p3_success": 0.5278,
      "run_dir": "artifacts/runs/p3_intervention_full_20260420/model_D/state_summary_coarse_feedback",
      "trap_escape_rate": 0.6389
    },
    {
      "constraint_cascade_rate": 0.2941,
      "escape_quality": 0.5588,
      "explicit_replan_rate": 0.0,
      "feedback_mode": "full_numeric",
      "history_mode": "raw_history",
      "model": "model_C",
      "n_tasks": 36,
      "p3_success": 0.6389,
      "run_dir": "artifacts/runs/p3_intervention_full_20260420/model_C/raw_history_full_numeric",
      "trap_escape_rate": 0.9444
    },
    {
      "constraint_cascade_rate": 0.0,
      "escape_quality": 0.6176,
      "explicit_replan_rate": 0.0,
      "feedback_mode": "full_numeric",
      "history_mode": "state_summary",
      "model": "model_C",
      "n_tasks": 36,
      "p3_success": 0.6389,