cg_gap,format_rate_A,format_rate_B,format_rate_C,generation_only_groups,model_family,model_id,model_label,model_stage,n_probe_groups,n_probe_rows,paired_ab_group_count,paired_sg_ci_high,paired_sg_ci_low,paired_sg_gap,paired_sg_sign_pvalue,parse_rate_A,parse_rate_B,parse_rate_C,prompt_style,provider,run_dir,sc_gap,selection_only_groups,sg_gap,success_rate_A,success_rate_B,success_rate_C
0.13043478260869565,1.0,1.0,1.0,2,,claude-sonnet-4-6,Claude-Sonnet-4.6,,46,138,46,0.5217391304347826,0.1956521739130435,0.3695652173913043,0.00022125244140625,1.0,1.0,1.0,strict_json,aihubmix,[WORKSPACE]/[REDACTED]/VEHBench-DiagBench/results/isomorphic_probe_planb_frontier4_full_20260421/model_E,0.2391304347826087,19,0.3695652173913043,0.41304347826086957,0.043478260869565216,0.17391304347826086
0.15217391304347827,1.0,1.0,1.0,2,,gpt-5.4,model_C,,46,138,46,0.41304347826086957,0.10869565217391304,0.2608695652173913,0.004180908203125,1.0,1.0,1.0,strict_json,aihubmix,[WORKSPACE]/[REDACTED]/VEHBench-DiagBench/results/isomorphic_probe_planb_frontier4_full_20260421/model_C,0.10869565217391305,14,0.2608695652173913,0.32608695652173914,0.06521739130434782,0.21739130434782608
0.26086956521739135,1.0,0.41304347826086957,1.0,0,,gemini-3.1-pro-preview,model_B,,46,138,46,0.7391304347826086,0.4782608695652174,0.6086956521739131,7.450580596923828e-09,1.0,0.41304347826086957,1.0,strict_json,aihubmix,[WORKSPACE]/[REDACTED]/VEHBench-DiagBench/results/isomorphic_probe_planb_frontier4_full_20260421/model_B,0.34782608695652173,28,0.6086956521739131,0.6521739130434783,0.043478260869565216,0.30434782608695654
0.06521739130434784,1.0,1.0,1.0,1,qwen3_6_plus,model_G,model_G,instruct,46,138,46,0.5869565217391305,0.2826086956521739,0.43478260869565216,1.0967254638671875e-05,1.0,1.0,1.0,strict_json,qwen,[WORKSPACE]/[REDACTED]/VEHBench-DiagBench/results/isomorphic_probe_planb_frontier4_full_20260421/qwen_3_6_plus,0.3695652173913043,21,0.43478260869565216,0.5217391304347826,0.08695652173913043,0.15217391304347827
