model,label,runner,p1_accuracy,p1_macro_f1,p1_request_recall,p1_spurious_propose,p2_feasible,p2_objective,p2_directed_repair,p2_over_edit,p2_query_count,p3_success,p3_escape,p3_cascade,p3_recovery_quality,p4_tau,p4_policy_flip,p4_bars,action_prior,edit_style,feedback_obedience,preference_execution,state_trust
model_A,model_A,model_A,1.0,1.0,1.0,0.0,0.75,0.296609,0.890625,0.416667,2.25,0.777778,0.944444,0.470588,0.365854,0.608333,0.769444,0.709653,1.0,0.777778,0.887731,0.706389,0.650327
model_B,model_B,gemini-3.1-pro-preview,0.875,0.873677,0.75,0.0625,1.0,0.55322,1.0,1.0,1.0,1.0,1.0,0.0,0.611151,0.475,0.679167,0.625417,0.937169,0.666667,1.0,0.633333,0.8
model_C,model_C,gpt-5.4,0.75,0.738889,0.5,0.125,0.8125,0.343343,0.890625,0.344828,1.8125,0.777778,0.944444,0.176471,0.400513,0.625,0.800694,0.722049,0.809722,0.799569,0.903356,0.714306,0.720261
model_D,model_D,deepseek-reasoner,1.0,1.0,1.0,0.0,1.0,0.481897,0.859375,0.448276,1.8125,0.722222,0.777778,0.0,0.314004,0.541667,0.715972,0.661285,1.0,0.850575,0.898148,0.672361,0.7
model_M,model_M,hy3-preview,1.0,1.0,1.0,0.0,0.8125,0.393155,0.875,0.59375,2.0,0.777778,0.888889,0.0625,0.363864,0.491667,0.646528,0.613507,1.0,0.554688,0.882523,0.611806,0.720833
model_E,model_E,claude-sonnet-4-6,0.8125,0.747368,0.25,0.1875,0.9375,0.443061,0.96875,0.727273,1.375,1.0,1.0,0.0,0.568442,0.608333,0.759028,0.707049,0.889967,0.736742,0.973958,0.695972,0.8
