{
  "p1_overall": {
    "model_E": {
      "n_tasks": 240,
      "accuracy": 0.575,
      "macro_f1": 0.304508,
      "acs": 0.05714285714285716,
      "mds": 0.0,
      "ids": 0.1,
      "war": 0.0,
      "action_imbalance": 0.825,
      "subtype_f1": 0.583333,
      "clarification_precision": null,
      "composite": 0.20656507142857142
    },
    "model_D": {
      "n_tasks": 240,
      "accuracy": 0.6625,
      "macro_f1": 0.59356,
      "acs": 0.3600705467372134,
      "mds": 0.50997150997151,
      "ids": 0.29833333333333334,
      "war": 0.3,
      "action_imbalance": 0.36250000000000004,
      "subtype_f1": 0.729584,
      "clarification_precision": 0.12195121951219512,
      "composite": 0.5036422358431691
    },
    "model_H": {
      "n_tasks": 240,
      "accuracy": 0.6458333333333334,
      "macro_f1": 0.48253,
      "acs": 0.20641975308641977,
      "mds": 0.35190883190883193,
      "ids": 0.1,
      "war": 0.1,
      "action_imbalance": 0.675,
      "subtype_f1": 0.668441,
      "clarification_precision": 0.2222222222222222,
      "composite": 0.3689263754036088
    },
    "gemini_3_1_pro": {
      "n_tasks": 240,
      "accuracy": 0.6916666666666667,
      "macro_f1": 0.635878,
      "acs": 0.43033509700176364,
      "mds": 0.6666666666666666,
      "ids": 0.2177777777777778,
      "war": 0.23333333333333334,
      "action_imbalance": 0.3791666666666667,
      "subtype_f1": 0.76158,
      "clarification_precision": 0.0,
      "composite": 0.5492428860670194
    },
    "model_J": {
      "n_tasks": 240,
      "accuracy": 0.22916666666666666,
      "macro_f1": 0.220422,
      "acs": 0.025961199294532628,
      "mds": 0.30085470085470084,
      "ids": 0.205,
      "war": 0.02962962962962963,
      "action_imbalance": 0.9833333333333334,
      "subtype_f1": 0.263273,
      "clarification_precision": 0.02142857142857143,
      "composite": 0.19556654498711165
    },
    "model_C": {
      "n_tasks": 240,
      "accuracy": 0.43333333333333335,
      "macro_f1": 0.485582,
      "acs": 0.2239153439153439,
      "mds": 0.657094017094017,
      "ids": 0.2225,
      "war": 0.34074074074074073,
      "action_imbalance": 0.4833333333333333,
      "subtype_f1": 0.568785,
      "clarification_precision": 0.15416666666666667,
      "composite": 0.4278334713471713
    },
    "model_C_mini": {
      "n_tasks": 240,
      "accuracy": 0.6208333333333333,
      "macro_f1": 0.458341,
      "acs": 0.23111111111111113,
      "mds": 0.3753846153846154,
      "ids": 0.08333333333333333,
      "war": 0.08333333333333333,
      "action_imbalance": 0.5833333333333333,
      "subtype_f1": 0.664167,
      "clarification_precision": 0.0,
      "composite": 0.3647830145299145
    },
    "llama_3_3_70b": {
      "n_tasks": 240,
      "accuracy": 0.625,
      "macro_f1": 0.466712,
      "acs": 0.24211640211640212,
      "mds": 0.2,
      "ids": 0.19222222222222224,
      "war": 0.2,
      "action_imbalance": 0.6375,
      "subtype_f1": 0.668693,
      "clarification_precision": 0.0,
      "composite": 0.3608107137566138
    },
    "o4_mini": {
      "n_tasks": 240,
      "accuracy": 0.7,
      "macro_f1": 0.622615,
      "acs": 0.38814814814814813,
      "mds": 0.3958974358974359,
      "ids": 0.3605555555555555,
      "war": 0.36666666666666664,
      "action_imbalance": 0.49583333333333335,
      "subtype_f1": 0.776123,
      "clarification_precision": 0.1,
      "composite": 0.5177558783475783
    },
    "qwen3_6_plus": {
      "n_tasks": 240,
      "accuracy": 0.6125,
      "macro_f1": 0.421717,
      "acs": 0.1428571428571429,
      "mds": 0.2,
      "ids": 0.1,
      "war": 0.1,
      "action_imbalance": 0.75,
      "subtype_f1": 0.640625,
      "clarification_precision": 0.0,
      "composite": 0.3063207285714286
    },
    "model_A": {
      "n_tasks": 240,
      "accuracy": 0.6541666666666667,
      "macro_f1": 0.646539,
      "acs": 0.42892416225749563,
      "mds": 0.5333333333333333,
      "ids": 0.4855555555555555,
      "war": 0.5333333333333333,
      "action_imbalance": 0.17499999999999996,
      "subtype_f1": 0.767761,
      "clarification_precision": 0.375,
      "composite": 0.5740098657848325
    }
  },
  "p2_overall": {
    "model_E": {
      "p2a_first_feasible": 0.12980769230769232,
      "p2b_headline": 0.2394310837337464,
      "final_feasible_rate": 0.625,
      "conditional_ratio": 0.38907551106733795,
      "improvement_rate": 0.7037216828478965,
      "auc": 0.27971559021965403,
      "mean_queries": 4.413461538461538
    },
    "model_D": {
      "p2a_first_feasible": 0.2980769230769231,
      "p2b_headline": 0.24127994819932058,
      "final_feasible_rate": 0.6778846153846154,
      "conditional_ratio": 0.3584730658961334,
      "improvement_rate": 0.790084388185654,
      "auc": 0.2998769437528665,
      "mean_queries": 3.4711538461538463
    },
    "model_H": {
      "p2a_first_feasible": 0.07211538461538461,
      "p2b_headline": 0.15647013238743787,
      "final_feasible_rate": 0.4423076923076923,
      "conditional_ratio": 0.3576460168855723,
      "improvement_rate": 0.5906926406926407,
      "auc": 0.27656551110786626,
      "mean_queries": 4.677884615384615
    },
    "model_B": {
      "p2a_first_feasible": 0.25961538461538464,
      "p2b_headline": 0.3903843042372693,
      "final_feasible_rate": 0.9615384615384616,
      "conditional_ratio": 0.41010068323915155,
      "improvement_rate": 0.7901826484018265,
      "auc": 0.3387882134040332,
      "mean_queries": 2.6346153846153846
    },
    "model_J": {
      "p2a_first_feasible": 0.009615384615384616,
      "p2b_headline": 0.00349817616676787,
      "final_feasible_rate": 0.009615384615384616,
      "conditional_ratio": 0.36381032134385843,
      "improvement_rate": 0.0,
      "auc": 0.3638103213438584,
      "mean_queries": 1.1538461538461537
    },
    "model_C": {
      "p2a_first_feasible": 0.07211538461538461,
      "p2b_headline": 0.13294947901115084,
      "final_feasible_rate": 0.3605769230769231,
      "conditional_ratio": 0.38407627269888023,
      "improvement_rate": 0.6827683615819209,
      "auc": 0.2707535597018109,
      "mean_queries": 4.75
    },
    "model_C_mini": {
      "p2a_first_feasible": 0.09615384615384616,
      "p2b_headline": 0.08503085348089702,
      "final_feasible_rate": 0.2644230769230769,
      "conditional_ratio": 0.3401234139235881,
      "improvement_rate": 0.721078431372549,
      "auc": 0.26875020980484576,
      "mean_queries": 4.894230769230769
    },
    "llama_3_3_70b": {
      "p2a_first_feasible": 0.23557692307692307,
      "p2b_headline": 0.11973590944036333,
      "final_feasible_rate": 0.3701923076923077,
      "conditional_ratio": 0.3276982784683628,
      "improvement_rate": 0.6672619047619047,
      "auc": 0.2894587701497963,
      "mean_queries": 4.384615384615385
    },
    "o4_mini": {
      "p2a_first_feasible": 0.22596153846153846,
      "p2b_headline": 0.15505269403218933,
      "final_feasible_rate": 0.42788461538461536,
      "conditional_ratio": 0.36648818589426563,
      "improvement_rate": 0.7571428571428571,
      "auc": 0.31188541071291953,
      "mean_queries": 3.5865384615384617
    },
    "qwen3_6_plus": {
      "p2a_first_feasible": 0.3076923076923077,
      "p2b_headline": 0.206268162237864,
      "final_feasible_rate": 0.6105769230769231,
      "conditional_ratio": 0.3432302219638057,
      "improvement_rate": 0.6465608465608466,
      "auc": 0.2880467068080541,
      "mean_queries": 3.8701923076923075
    },
    "model_A": {
      "p2a_first_feasible": 0.23557692307692307,
      "p2b_headline": 0.1955499127196941,
      "final_feasible_rate": 0.5576923076923077,
      "conditional_ratio": 0.35369027691909893,
      "improvement_rate": 0.6648989898989899,
      "auc": 0.2893678782834774,
      "mean_queries": 4.211538461538462
    }
  },
  "p3_overall": {
    "model_E": {
      "success": 0.16025641025641027,
      "recovery_quality": 0.09602649006622517,